Tile,DMAG_AUTO
KIDS_136.0_-1.5,0.1070422429271628
KIDS_158.0_-1.5,0.0899851972441249
KIDS_356.5_-32.1,0.1114537536490727
KIDS_238.0_-0.5,0.1046686813606218
KIDS_129.4_2.5,0.1143831188086701
KIDS_11.2_-27.2,0.0847712273723652
KIDS_12.5_-29.2,0.1139466787352546
KIDS_15.0_-30.2,0.1606038358097326
KIDS_212.0_0.5,0.1131469081404255
KIDS_190.0_-0.5,0.1166201542577988
KIDS_336.1_-29.2,0.0831344650595491
KIDS_48.2_-32.1,0.1134003622225112
KIDS_350.8_-30.2,0.0408529547559908
KIDS_168.5_2.5,0.150701275572308
KIDS_131.0_-0.5,0.1017345837657131
KIDS_45.6_-29.2,0.0887097713612298
KIDS_16.8_-34.1,0.1071581226769729
KIDS_24.3_-35.1,0.0443604240525991
KIDS_47.1_-32.1,0.0754502251691947
KIDS_345.3_-28.2,0.0709980879109294
KIDS_198.0_0.5,0.1021491348016604
KIDS_4.6_-30.2,0.1130968139241304
KIDS_231.0_1.5,0.1243890876675177
KIDS_46.8_-34.1,0.1072474632262494
KIDS_171.0_-0.5,0.1028225393265404
KIDS_46.2_-35.1,0.078657876994256
KIDS_27.3_-29.2,0.0119929362613951
KIDS_212.0_1.5,0.1307590369940662
KIDS_224.6_-2.5,0.1083681031551953
KIDS_30.0_-34.1,0.0864712253562391
KIDS_15.4_-33.1,0.0843835362912545
KIDS_17.5_-31.2,0.1310234131577564
KIDS_338.6_-28.2,0.0984205268612283
KIDS_16.1_-30.2,0.0849328423337057
KIDS_233.0_0.5,0.1129068743327648
KIDS_345.0_-30.2,0.0939470375653215
KIDS_215.0_0.5,0.1188262583434145
KIDS_176.5_-2.5,0.0920348796175734
KIDS_352.0_-29.2,0.080395142080384
KIDS_135.0_-0.5,0.1198035631533417
KIDS_38.4_-28.2,0.1019275455821452
KIDS_354.4_-27.2,0.1045098619096633
KIDS_329.4_-32.1,0.0972623236481973
KIDS_29.2_-27.2,0.0664291206806647
KIDS_14.4_-34.1,0.0611912144943032
KIDS_337.6_-27.2,0.0736304331956583
KIDS_34.1_-35.1,0.132892933445381
KIDS_50.6_-30.2,0.0836652456411442
KIDS_21.9_-35.1,0.0803410274449012
KIDS_220.0_0.5,0.1186544376706696
KIDS_133.0_-0.5,0.1354720231411448
KIDS_340.6_-29.2,0.0817028262610028
KIDS_331.2_-30.2,0.114171110366515
KIDS_161.4_3.5,0.1146134015334696
KIDS_343.0_-35.1,0.0942460398832312
KIDS_238.0_0.5,0.1034215830633583
KIDS_129.0_-0.5,0.1064805651740558
KIDS_197.5_-2.5,0.110750697195703
KIDS_164.0_-1.5,0.1331873866742385
KIDS_348.8_-27.2,0.0954343617078849
KIDS_210.6_3.5,0.0997103571460578
KIDS_39.6_-34.1,0.1396239395102253
KIDS_13.7_-29.2,0.1105885906930267
KIDS_233.6_2.5,-0.0490045043312285
KIDS_189.0_-1.5,0.0932362133254438
KIDS_15.7_-27.2,0.0832660592437647
KIDS_358.9_-27.2,0.0648882254343012
KIDS_168.0_1.5,0.0503177457699914
KIDS_335.2_-28.2,0.0805249243434629
KIDS_19.2_-34.1,0.0824502779950114
KIDS_2.4_-35.1,0.0903907160115272
KIDS_336.0_-34.1,0.0571050002402944
KIDS_47.1_-27.2,0.0910580484312182
KIDS_156.0_0.5,0.1128924873167392
KIDS_16.5_-32.1,0.1175140189730639
KIDS_216.0_-1.5,0.104139745330332
KIDS_330.0_-34.1,0.0933134627986252
KIDS_348.7_-28.2,0.0768551072927742
KIDS_228.0_-1.5,0.1201784472930301
KIDS_160.4_-2.5,0.1166982664681676
KIDS_348.0_-34.1,0.1156652427836604
KIDS_224.0_-0.5,0.1167186866047343
KIDS_185.0_1.5,0.0783637216611399
KIDS_29.4_-32.1,0.0791690661266497
KIDS_19.4_-29.2,0.0844507046110478
KIDS_214.6_2.5,0.1172944586976962
KIDS_2.3_-28.2,0.0899308801406094
KIDS_343.2_-34.1,0.1060085818867799
KIDS_346.9_-33.1,0.0834656915753134
KIDS_45.6_-34.1,0.0712646421183383
KIDS_180.5_3.5,0.1066252850163742
KIDS_42.8_-33.1,0.0858864593048904
KIDS_201.6_-2.5,0.0309827847140719
KIDS_339.0_-31.2,0.08709192041416
KIDS_47.8_-31.2,0.0948260448950494
KIDS_356.6_-27.2,0.094814248278141
KIDS_52.4_-29.2,0.0850014711304327
KIDS_22.6_-28.2,0.0574072615141233
KIDS_32.1_-33.1,0.0738692685250952
KIDS_1.1_-29.2,0.0646947893525816
KIDS_7.3_-35.1,0.0878393068616791
KIDS_207.0_-0.5,0.0581832992613216
KIDS_330.7_-28.2,0.0387277918516213
KIDS_197.0_1.5,0.1162666670928057
KIDS_136.0_-0.5,0.1651977071192891
KIDS_216.0_-0.5,0.0965256616976133
KIDS_33.6_-27.2,0.0610834655463083
KIDS_135.4_2.5,0.0655554741820843
KIDS_174.5_3.5,0.1201411390873299
KIDS_7.9_-27.2,0.0494007667913576
KIDS_193.0_-1.5,0.1071821209935992
KIDS_180.0_-0.5,0.1113391465655747
KIDS_213.6_3.5,0.041542677193205
KIDS_228.6_2.5,0.1213364439378606
KIDS_4.5_-28.2,0.0765438596673896
KIDS_236.0_1.5,0.0707128859123168
KIDS_191.0_1.5,0.110803965784809
KIDS_47.4_-28.2,0.0804531937693102
KIDS_169.5_3.5,0.1093985208992099
KIDS_167.0_-1.5,0.1118636298910847
KIDS_207.0_1.5,0.0829011576280798
KIDS_347.3_-30.2,0.1130428699581716
KIDS_179.0_-1.5,0.1085580388440001
KIDS_137.0_-0.5,0.1189494032357799
KIDS_344.7_-32.1,0.0822488465617373
KIDS_41.0_-29.2,0.0802702834605724
KIDS_16.8_-27.2,0.0998051322941879
KIDS_333.8_-29.2,0.1194512405262133
KIDS_187.5_3.5,0.0819922548810973
KIDS_21.0_-31.2,0.040104826366216
KIDS_48.0_-34.1,0.0762491011557146
KIDS_224.6_3.5,0.1019868787045609
KIDS_35.0_-31.2,0.1094308036415917
KIDS_213.0_-1.5,0.1165291604755984
KIDS_355.4_-29.2,0.0337236438870707
KIDS_346.6_-35.1,0.0916015021409547
KIDS_198.6_3.5,0.0994976739676469
KIDS_215.6_-2.5,0.1313682679186693
KIDS_163.0_1.5,0.1170167975284235
KIDS_329.7_-31.2,0.0975769670839323
KIDS_40.4_-27.2,0.0977330579392342
KIDS_205.0_-0.5,0.0733980137795168
KIDS_217.6_-3.5,0.0963000060162171
KIDS_235.7_2.5,0.0622260053511364
KIDS_183.0_-1.5,0.1477128548464837
KIDS_11.3_-28.2,0.0908282671396417
KIDS_334.5_-35.1,-0.0179693635823613
KIDS_37.0_-27.2,0.0782905047167725
KIDS_224.0_0.5,0.0898012912674577
KIDS_183.5_-3.5,0.1315679155068654
KIDS_338.4_-29.2,0.1254979544090341
KIDS_19.8_-31.2,0.085982878608328
KIDS_209.6_3.5,0.0865003336988709
KIDS_40.8_-34.1,0.1388119201194027
KIDS_343.1_-28.2,0.1240391122945414
KIDS_227.6_2.5,0.1102095647805938
KIDS_212.6_-3.5,0.1093082658370832
KIDS_53.3_-26.2,0.0743265438561572
KIDS_340.9_-27.2,0.0668560582837975
KIDS_225.0_-0.5,0.068838202476582
KIDS_337.2_-29.2,0.0719528455762402
KIDS_193.0_1.5,0.1153965127593155
KIDS_40.0_-32.1,0.0927782303054346
KIDS_208.0_-1.5,0.0933451380998029
KIDS_167.0_1.5,0.1134499862295722
KIDS_24.0_-34.1,0.0738123616455372
KIDS_192.0_1.5,0.1061491560996473
KIDS_338.1_-35.1,0.0903723707021673
KIDS_203.0_0.5,0.1027905584569401
KIDS_0.0_-31.2,0.0631080421521146
KIDS_33.0_-29.2,0.0792973502191646
KIDS_205.6_3.5,0.1271326513710602
KIDS_36.5_-32.1,0.0632093283964981
KIDS_21.6_-29.2,0.0709496048633962
KIDS_49.9_-35.1,0.0727960907287414
KIDS_47.8_-29.2,0.0831628087260064
KIDS_172.5_-3.5,0.1236591937218997
KIDS_16.9_-28.2,0.0731319866267041
KIDS_43.7_-27.2,0.0804128129291181
KIDS_26.0_-28.2,0.0654124538182521
KIDS_224.6_2.5,0.0968014784590972
KIDS_160.4_-3.5,0.1159459221808702
KIDS_176.0_1.5,0.1095977110281096
KIDS_222.6_3.5,0.1152440611397905
KIDS_222.6_-3.5,0.100496449199241
KIDS_37.2_-34.1,0.1288082442665726
KIDS_42.6_-27.2,0.0562776458198997
KIDS_332.0_-35.1,0.0443422755311466
KIDS_177.0_1.5,0.039967549152006
KIDS_215.6_3.5,0.0831916269592988
KIDS_178.0_1.5,0.0890314103528693
KIDS_161.0_-0.5,0.0850765069952709
KIDS_204.6_2.5,0.0968177741274187
KIDS_31.1_-30.2,4.378019832029789e-05
KIDS_347.5_-29.2,0.0859864730728271
KIDS_200.0_1.5,0.0856824653016807
KIDS_178.0_0.5,0.1025403470561222
KIDS_130.0_-1.5,0.118421899279232
KIDS_24.7_-27.2,0.0642047754357476
KIDS_38.0_-33.1,0.0970273315141574
KIDS_357.7_-29.2,0.083912609073108
KIDS_335.5_-31.2,0.0666548683817624
KIDS_163.0_0.5,0.051597977576638
KIDS_192.5_-3.5,0.1139326099947583
KIDS_157.0_-1.5,0.1119466655104451
KIDS_351.6_-34.1,0.0679653195645533
KIDS_183.5_3.5,0.1154032262956121
KIDS_226.0_0.5,0.0970288554038483
KIDS_25.6_-31.2,0.0776284577046511
KIDS_47.2_-30.2,0.0783138425753636
KIDS_161.0_1.5,0.1098784237830167
KIDS_237.0_-0.5,0.1158979979071989
KIDS_350.9_-29.2,0.1024762540082463
KIDS_203.6_-3.5,0.115548808806303
KIDS_53.5_-33.1,0.1068033060061997
KIDS_34.8_-34.1,0.0904981488398009
KIDS_201.6_2.5,0.1055314715105626
KIDS_131.0_1.5,0.1119050634070858
KIDS_12.7_-30.2,0.0606265794780562
KIDS_232.6_2.5,-0.1136650601728476
KIDS_355.5_-27.2,0.0990541102870209
KIDS_52.2_-26.2,0.0671865461348181
KIDS_170.0_-0.5,0.1086941947672466
KIDS_12.4_-28.2,0.0843188376810237
KIDS_336.2_-33.1,0.0746487413153118
KIDS_330.4_-29.2,0.1302298269512079
KIDS_130.4_2.5,0.1344702807741804
KIDS_221.0_-0.5,0.1214184245550351
KIDS_31.8_-32.1,0.1707213991178027
KIDS_10.6_-32.1,0.102327928745484
KIDS_169.0_-1.5,0.1233972294388264
KIDS_161.0_0.5,0.1289288724370996
KIDS_338.4_-34.1,0.0108143843277955
KIDS_197.0_0.5,0.0903344788124859
KIDS_162.5_-3.5,0.1097174309502225
KIDS_139.4_2.5,0.0937770139259884
KIDS_168.0_-0.5,0.0913958893059798
KIDS_46.3_-33.1,0.0994499664853469
KIDS_182.0_0.5,0.1321459587737119
KIDS_333.2_-31.2,0.0827203875151744
KIDS_206.0_-0.5,0.0637601464416164
KIDS_213.6_-3.5,0.0714281981884894
KIDS_216.0_1.5,0.1065935735824965
KIDS_28.5_-29.2,0.0887139688940457
KIDS_331.2_-34.1,0.1316088429873114
KIDS_189.5_-2.5,0.0832446969963808
KIDS_43.7_-30.2,0.0763508547584163
KIDS_21.2_-32.1,0.0217705010470375
KIDS_43.1_-31.2,0.0986087236480898
KIDS_218.0_1.5,0.1153228432160635
KIDS_45.1_-33.1,0.0854324302384031
KIDS_44.9_-30.2,0.085247430022665
KIDS_158.4_3.5,0.0928640767835451
KIDS_31.4_-27.2,0.0883084030459203
KIDS_179.5_2.5,0.1100254886403817
KIDS_186.0_1.5,0.1545328841298512
KIDS_177.0_-0.5,0.1160520795699789
KIDS_224.0_1.5,0.0925542770675403
KIDS_140.4_2.5,0.1278119664436833
KIDS_340.5_-35.1,0.0553818701315108
KIDS_178.5_-3.5,0.1199026355986886
KIDS_177.5_2.5,0.0996116155050839
KIDS_51.3_-29.2,0.0941382667218085
KIDS_194.5_-3.5,0.1067408230073671
KIDS_48.9_-31.2,0.0924441548161787
KIDS_0.0_-27.2,0.0787299627903131
KIDS_18.6_-31.2,0.108699807745035
KIDS_49.9_-33.1,0.0882214469615049
KIDS_336.3_-28.2,0.1225929692868212
KIDS_355.2_-34.1,0.0858546640431643
KIDS_339.3_-30.2,0.1002806960173688
KIDS_17.8_-33.1,0.0893915567228285
KIDS_9.7_-35.1,0.0923123487565864
KIDS_2.3_-29.2,0.1050873413809352
KIDS_48.2_-27.2,0.082109845959945
KIDS_158.4_-2.5,0.0820950592244836
KIDS_353.0_-31.2,0.0678479358163387
KIDS_188.0_1.5,0.1015494776199163
KIDS_161.0_-1.5,0.0923239244248589
KIDS_223.0_1.5,0.0830333449251605
KIDS_22.1_-31.2,0.0765885385568361
KIDS_162.0_1.5,0.0786149720545248
KIDS_342.7_-30.2,0.0804878479044753
KIDS_134.0_-0.5,0.1242276658751278
KIDS_14.6_-35.1,0.0770741566672632
KIDS_31.5_-31.2,0.109620881828584
KIDS_50.5_-27.2,0.0873343152332191
KIDS_156.0_-1.5,0.1037057477832246
KIDS_231.0_-1.5,0.1040037526151309
KIDS_38.4_-34.1,0.099203382727094
KIDS_206.6_-3.5,0.1220588608045692
KIDS_29.2_-35.1,0.0951415478518582
KIDS_138.0_0.5,0.0977571143754165
KIDS_52.7_-27.2,0.0859903491732835
KIDS_15.8_-28.2,0.0721847413528123
KIDS_220.6_-3.5,0.0906554944939165
KIDS_344.6_-33.1,0.0801870576559438
KIDS_356.4_-35.1,0.1063346737888671
KIDS_225.0_0.5,0.1310245359160362
KIDS_130.0_1.5,0.1100287494319134
KIDS_177.0_0.5,0.1191112116542941
KIDS_26.4_-34.1,0.0654829001513309
KIDS_195.0_1.5,0.0025620634799066
KIDS_225.0_1.5,0.145880111757995
KIDS_165.0_1.5,0.1152854381131923
KIDS_9.1_-29.2,0.0982178661267643
KIDS_26.8_-35.1,0.0959325030235908
KIDS_212.6_-2.5,0.122370578340725
KIDS_343.4_-33.1,0.1082103756364313
KIDS_4.7_-32.1,0.0903221642479326
KIDS_206.6_2.5,0.1029666515037725
KIDS_45.4_-31.2,0.0852815836786016
KIDS_40.6_-28.2,0.0455967652748465
KIDS_170.5_-3.5,0.1192343732698993
KIDS_330.8_-35.1,0.0909833509555099
KIDS_131.0_-1.5,0.1203012837041836
KIDS_23.8_-33.1,0.0718152150244793
KIDS_52.9_-30.2,0.0967846446241934
KIDS_222.0_1.5,-0.0315855825116156
KIDS_208.6_3.5,0.0989910792815848
KIDS_0.0_-34.1,0.0869817418687833
KIDS_353.1_-30.2,0.103220267674561
KIDS_208.6_-3.5,0.115293746197109
KIDS_232.0_-0.5,0.0704912174392978
KIDS_342.1_-27.2,0.0873460747698425
KIDS_331.5_-33.1,0.1006014778294578
KIDS_349.9_-27.2,0.0744932363793588
KIDS_221.6_2.5,0.1054173418697328
KIDS_159.0_-0.5,0.1102888114324963
KIDS_197.5_3.5,0.1298214580842196
KIDS_32.2_-30.2,0.1388063706310655
KIDS_343.7_-31.2,0.1200671707969021
KIDS_47.8_-26.2,0.099629829353358
KIDS_53.0_-28.2,0.073532577616914
KIDS_42.2_-29.2,0.1151462775202559
KIDS_184.5_2.5,0.1127519386573722
KIDS_6.9_-30.2,0.0782850053680572
KIDS_208.0_-0.5,0.0967361670275165
KIDS_217.0_-0.5,0.0968562061019284
KIDS_52.9_-32.1,0.0952332148852306
KIDS_351.0_-27.2,0.0725358181588903
KIDS_358.8_-33.1,0.0542789572881125
KIDS_348.3_-31.2,0.106590546605415
KIDS_29.9_-30.2,0.107459232318817
KIDS_1.2_-35.1,0.0900662523910599
KIDS_174.0_1.5,0.0901194508650932
KIDS_351.5_-35.1,0.0992030188928732
KIDS_186.5_-2.5,-0.0921050192144075
KIDS_37.7_-35.1,0.1047077841302494
KIDS_347.2_-31.2,0.088353589728449
KIDS_175.0_-1.5,0.1228268878725821
KIDS_211.0_-0.5,0.0966781137174717
KIDS_355.5_-28.2,0.0893856788204889
KIDS_222.0_-1.5,0.1006341733573978
KIDS_335.0_-33.1,0.0529944556098146
KIDS_28.8_-30.2,-0.0344314802184976
KIDS_340.0_-32.1,0.1384714635255234
KIDS_50.4_-34.1,0.1122647939332614
KIDS_231.0_-0.5,0.1066056134764164
KIDS_218.0_-0.5,0.1298401213885613
KIDS_204.0_1.5,0.0769891942863947
KIDS_129.0_1.5,0.1184781537664734
KIDS_185.0_-0.5,0.1246786951732605
KIDS_10.9_-35.1,0.0704389162026002
KIDS_39.6_-31.2,0.1049367668170649
KIDS_187.5_-2.5,0.1179624310978235
KIDS_182.5_3.5,0.0676821185386385
KIDS_168.5_-3.5,0.0766787507721024
KIDS_342.9_-29.2,0.0903662283647919
KIDS_49.4_-32.1,0.096048368328088
KIDS_184.0_0.5,0.1080629378107927
KIDS_354.2_-31.2,0.092091471562955
KIDS_176.0_-0.5,0.1200551367016699
KIDS_52.4_-31.2,0.1047030330223667
KIDS_45.9_-32.1,0.0664364177996408
KIDS_190.5_3.5,0.1206633103094825
KIDS_36.1_-31.2,0.0735320581760114
KIDS_50.0_-26.2,0.0767552985532837
KIDS_53.5_-29.2,0.0856720287420165
KIDS_172.5_3.5,0.1263882164581646
KIDS_49.5_-30.2,0.0603211402257281
KIDS_166.0_1.5,0.0969951970595968
KIDS_217.6_3.5,0.114530383198191
KIDS_21.4_-28.2,0.0119335767866631
KIDS_339.8_-33.1,0.1284390334380937
KIDS_27.6_-34.1,0.1132456718615343
KIDS_166.0_0.5,0.1112864783800554
KIDS_212.0_-0.5,0.0977935250474798
KIDS_346.8_-34.1,0.098239046149787
KIDS_132.0_-1.5,0.1354668480365164
KIDS_333.6_-34.1,0.0375904341448583
KIDS_169.5_-3.5,0.1056660111644072
KIDS_10.1_-27.2,0.1015578847583062
KIDS_346.5_-28.2,0.1168588109944467
KIDS_35.3_-35.1,0.1145726038321666
KIDS_353.9_-35.1,0.110153450008974
KIDS_204.6_3.5,0.1074094638836193
KIDS_330.8_-27.2,0.0979122009050305
KIDS_335.3_-27.2,0.0820746622153152
KIDS_198.0_-1.5,0.1145427254050515
KIDS_196.0_-0.5,0.0995104224596535
KIDS_51.1_-26.2,0.0634413040452326
KIDS_193.5_2.5,0.1235257146651294
KIDS_162.5_-2.5,0.113035645121134
KIDS_352.9_-32.1,0.0990119660601387
KIDS_8.4_-34.1,0.0665196525718457
KIDS_141.0_-1.5,0.1378372875918087
KIDS_173.0_-1.5,0.1133527979616821
KIDS_137.0_0.5,0.1305543694487274
KIDS_31.2_-34.1,0.1055312955379952
KIDS_209.6_-3.5,0.1223743259031671
KIDS_162.5_2.5,0.1088701884876877
KIDS_198.6_-2.5,0.1208395706156523
KIDS_332.9_-28.2,0.0642405610023
KIDS_196.0_-1.5,0.1038119875921049
KIDS_174.0_0.5,0.1289212714134688
KIDS_337.4_-33.1,0.0778800758328254
KIDS_172.0_0.5,0.1087999872843595
KIDS_170.0_0.5,0.071183349284798
KIDS_160.0_-1.5,0.1220526375809971
KIDS_33.9_-28.2,0.0488112207357727
KIDS_356.5_-30.2,0.1368300172595603
KIDS_136.0_1.5,0.0933911697162787
KIDS_202.0_-1.5,0.0845595835169037
KIDS_355.3_-32.1,0.0972467733344095
KIDS_207.0_0.5,0.1153938582092556
KIDS_351.8_-32.1,0.098344939821343
KIDS_201.6_-3.5,0.0818538729535693
KIDS_176.5_2.5,0.0587065421391073
KIDS_13.4_-35.1,0.0803197246356185
KIDS_204.0_-1.5,0.1252748066048221
KIDS_334.2_-27.2,0.0704117736867833
KIDS_177.0_-1.5,0.1329479403541957
KIDS_358.8_-30.2,6.467743139902918
KIDS_3.4_-27.2,0.0642844205868264
KIDS_210.0_1.5,0.1305762488831978
KIDS_193.0_0.5,0.1063435414542371
KIDS_158.4_-3.5,0.1303092804167355
KIDS_169.0_1.5,0.113996658460318
KIDS_175.5_2.5,0.0954077984307086
KIDS_214.0_-0.5,0.1394225360026492
KIDS_160.0_1.5,0.0998694158903521
KIDS_331.8_-28.2,0.0354023880065033
KIDS_28.8_-34.1,0.0993998835956084
KIDS_24.8_-28.2,0.0842740147417376
KIDS_139.0_-0.5,0.1231647439386954
KIDS_357.6_-34.1,0.1001454261114614
KIDS_32.5_-27.2,0.0877867959628986
KIDS_340.2_-31.2,0.0827077733327707
KIDS_5.9_-32.1,0.1117296508950265
KIDS_32.9_-32.1,0.0800424639908833
KIDS_349.3_-33.1,0.0883234429038347
KIDS_165.0_-1.5,0.1192112828783043
KIDS_195.0_-0.5,0.0826860669367248
KIDS_25.9_-32.1,0.0621662489062903
KIDS_219.6_-3.5,0.1158454838939821
KIDS_357.7_-28.2,0.0834754085034471
KIDS_190.0_1.5,0.1111325466934173
KIDS_156.0_1.5,0.1151072507596125
KIDS_330.3_-33.1,0.1015532556991726
KIDS_0.0_-33.1,0.0845455301837714
KIDS_211.6_3.5,0.0951955945545073
KIDS_132.0_-0.5,0.1582182075624065
KIDS_188.0_-1.5,0.1023860565964607
KIDS_344.1_-29.2,0.0898229628907644
KIDS_163.5_3.5,0.1132415050728238
KIDS_204.0_0.5,0.0595827650031225
KIDS_219.0_-0.5,0.1147358267548973
KIDS_335.8_-30.2,0.0975379454275609
KIDS_215.0_1.5,0.1069806115271944
KIDS_167.5_-2.5,0.0738630533599982
KIDS_26.5_-30.2,0.0854540750559814
KIDS_5.6_-28.2,0.0804439294623549
KIDS_338.7_-27.2,0.1020277515460299
KIDS_203.6_-2.5,0.0818988431186871
KIDS_169.5_-2.5,0.0469610694437461
KIDS_333.5_-30.2,0.0607379900895359
KIDS_134.0_1.5,0.1251516272999122
KIDS_332.4_-34.1,0.0459109682972188
KIDS_189.0_-0.5,0.0932530736831346
KIDS_198.6_2.5,0.1033581338374883
KIDS_342.0_-34.1,0.0742174123842189
KIDS_20.0_-32.1,0.1005621317733493
KIDS_46.7_-26.2,0.0627399514478069
KIDS_206.6_3.5,0.0959530170350911
KIDS_19.1_-27.2,0.0657461674890288
KIDS_13.2_-34.1,0.0813156261556549
KIDS_186.0_0.5,0.1254579843633886
KIDS_218.0_-1.5,0.0951838485008716
KIDS_38.9_-35.1,0.1042045174338457
KIDS_3.5_-31.2,0.1013005272894731
KIDS_133.0_0.5,0.093648844071209
KIDS_33.6_-34.1,0.0824548634494034
KIDS_10.2_-28.2,0.0894968229525581
KIDS_159.4_2.5,0.1249828861683582
KIDS_44.0_-28.2,0.0899976868531962
KIDS_342.4_-32.1,0.1302022915170338
KIDS_51.3_-31.2,0.0985627232633591
KIDS_12.3_-27.2,0.0619909451305398
KIDS_229.0_0.5,0.1000473101893159
KIDS_140.0_1.5,-0.0232837978360483
KIDS_336.4_-27.2,0.096477904777608
KIDS_222.0_0.5,0.1044405273129578
KIDS_189.5_2.5,0.0141996286816202
KIDS_202.6_3.5,0.1218746640005492
KIDS_222.6_-2.5,0.1117285880707752
KIDS_51.6_-27.2,0.0783262823391899
KIDS_235.0_1.5,0.1053549410062834
KIDS_134.0_-1.5,0.1082465125362034
KIDS_34.5_-30.2,0.0946405519292443
KIDS_231.6_2.5,0.1100301914796556
KIDS_203.6_3.5,0.1153684383840372
KIDS_198.6_-3.5,0.1133391076360785
KIDS_230.0_-1.5,0.1097603557019586
KIDS_334.8_-34.1,0.0520019841458723
KIDS_209.6_-2.5,0.1102107900889303
KIDS_20.7_-30.2,0.0569483030454316
KIDS_212.6_3.5,0.1236390125376366
KIDS_195.5_2.5,0.1268842872718065
KIDS_194.0_0.5,0.0968193490668998
KIDS_22.4_-27.2,0.0916792689631768
KIDS_219.6_2.5,0.1020093592384001
KIDS_47.5_-33.1,0.084130802144549
KIDS_352.8_-34.1,0.127653299708325
KIDS_227.0_-1.5,0.0955316195547603
KIDS_170.5_-2.5,0.1350925088129514
KIDS_350.7_-31.2,0.1003700218883959
KIDS_171.5_-3.5,0.1225175259279849
KIDS_41.9_-31.2,0.1105934016992946
KIDS_223.6_-3.5,0.0523224240743023
KIDS_41.8_-28.2,0.1093764983723308
KIDS_355.2_-33.1,0.1301074061019407
KIDS_52.8_-34.1,0.0929228372768209
KIDS_208.0_1.5,-0.2311004344965736
KIDS_337.9_-31.2,0.1013895156948215
KIDS_329.7_-27.2,0.0932002598121877
KIDS_9.0_-28.2,0.0785570654026197
KIDS_337.0_-30.2,0.1419583122525536
KIDS_1.2_-34.1,0.0785776329621852
KIDS_228.0_0.5,0.1063537052425571
KIDS_41.4_-35.1,0.1092841421643485
KIDS_168.5_-2.5,0.1370394821950283
KIDS_349.2_-34.1,0.0953965426297842
KIDS_175.5_3.5,0.0678976176605083
KIDS_20.2_-27.2,0.0924455007863273
KIDS_201.0_-0.5,0.0952813954039403
KIDS_8.5_-35.1,0.0842751477976576
KIDS_21.9_-30.2,0.1717350814126894
KIDS_220.6_-2.5,0.1265514428931183
KIDS_187.5_-3.5,0.1223155029069618
KIDS_181.0_-0.5,0.0991250784533872
KIDS_178.5_3.5,0.0993235476226727
KIDS_25.8_-27.2,0.0429961305900847
KIDS_17.6_-32.1,0.105521961951307
KIDS_352.1_-28.2,0.0693638759949278
KIDS_31.6_-28.2,0.0413022096697074
KIDS_41.2_-32.1,0.1107110172865821
KIDS_161.4_-2.5,0.10374382414454
KIDS_177.5_3.5,0.1173098079923457
KIDS_357.6_-33.1,0.0916466605706047
KIDS_215.0_-0.5,0.103468815805903
KIDS_220.0_-0.5,0.1210908098355069
KIDS_192.5_2.5,0.0949182699544272
KIDS_164.5_2.5,0.2390205643389558
KIDS_351.8_-31.2,0.1405201070340654
KIDS_234.0_1.5,0.0786403346461553
KIDS_36.5_-29.2,0.0626965096180705
KIDS_219.6_3.5,0.0958597606430206
KIDS_343.9_-30.2,0.0967268449955909
KIDS_30.8_-29.2,0.0629163188762851
KIDS_238.0_-1.5,0.0796430029271731
KIDS_190.5_-3.5,0.1208780681719426
KIDS_29.1_-31.2,0.0810045012318368
KIDS_171.0_0.5,0.0871416885564146
KIDS_173.5_3.5,0.1220088466475408
KIDS_341.2_-32.1,0.0863580072908407
KIDS_204.0_-0.5,0.0723516663646527
KIDS_20.4_-34.1,0.0907048060699234
KIDS_138.4_2.5,0.1108930532764212
KIDS_211.0_-1.5,0.119357707226222
KIDS_179.5_3.5,0.1163985603227886
KIDS_40.4_-33.1,0.0616889960432815
KIDS_49.3_-27.2,0.0770633439303256
KIDS_189.0_1.5,0.0955519177471493
KIDS_7.9_-28.2,0.0825412927295419
KIDS_217.6_-2.5,0.1134266860143452
KIDS_23.1_-35.1,0.0758018993890793
KIDS_15.3_-32.1,0.1028229526767748
KIDS_340.8_-28.2,0.1153103636489573
KIDS_163.5_-3.5,0.1192295130468271
KIDS_10.5_-31.2,0.0422903742840662
KIDS_5.8_-30.2,0.0876198206226844
KIDS_213.0_-0.5,0.1032242220219282
KIDS_356.4_-33.1,0.1502484548789475
KIDS_356.5_-31.2,0.1496657024587914
KIDS_14.6_-27.2,0.0858782181912765
KIDS_25.2_-34.1,0.045841409192878
KIDS_174.5_-2.5,0.0982755852810766
KIDS_174.5_2.5,0.1124086808341429
KIDS_2.3_-31.2,0.1071105628759795
KIDS_42.6_-30.2,0.0734426425807366
KIDS_150.1_2.2,0.1183341172023165
KIDS_46.0_-27.2,0.0580516165479174
KIDS_199.6_-3.5,0.1257384543075472
KIDS_341.9_-28.2,0.0952900404401423
KIDS_215.0_-1.5,0.1064592106349484
KIDS_354.1_-33.1,0.0966852897602367
KIDS_49.2_-34.1,0.1093236081825075
KIDS_52.3_-33.1,0.0945843333648603
KIDS_357.7_-30.2,0.0802260649801343
KIDS_199.0_-0.5,0.1125352293614684
KIDS_166.0_-1.5,0.1162529097394174
KIDS_45.6_-26.2,0.0972558475899078
KIDS_172.0_-1.5,0.1594532704470804
KIDS_333.9_-33.1,0.0714071982889345
KIDS_230.0_0.5,0.129593601008554
KIDS_236.0_-1.5,0.1228004212633829
KIDS_48.6_-35.1,0.1019371314128034
KIDS_33.8_-31.2,0.0984720752245805
KIDS_179.0_-0.5,0.1162876552160898
KIDS_228.0_-0.5,0.1205241623524659
KIDS_180.0_1.5,0.1033189065313407
KIDS_46.6_-31.2,0.0893790259341568
KIDS_357.6_-32.1,0.1436812199841973
KIDS_226.0_-1.5,0.1117478420364487
KIDS_235.0_0.5,0.0526862049410331
KIDS_214.0_1.5,0.1357057740962688
KIDS_7.1_-33.1,0.0894829008505112
KIDS_51.9_-28.2,0.0773454163705076
KIDS_230.6_2.5,0.101538306091867
KIDS_188.5_2.5,0.1010453873508176
KIDS_335.3_-32.1,0.0619477069098551
KIDS_338.8_-32.1,0.0957365432609277
KIDS_47.4_-35.1,0.0832533645956658
KIDS_349.5_-31.2,0.1091204202632952
KIDS_188.5_-2.5,0.1099443701851537
KIDS_162.0_-0.5,0.0984331070506625
KIDS_160.0_-0.5,0.1081909073097369
KIDS_35.6_-33.1,0.0910342587377744
KIDS_165.5_-3.5,0.0925932134900172
KIDS_133.4_2.5,0.1151600091183293
KIDS_206.6_-2.5,0.0580867470029499
KIDS_353.2_-29.2,0.066840755592725
KIDS_175.0_-0.5,0.1275509139603459
KIDS_184.0_1.5,0.1111804705245669
KIDS_157.0_0.5,0.1330933607585949
KIDS_134.4_2.5,0.104334479962262
KIDS_9.6_-34.1,0.0871746716242652
KIDS_4.5_-27.2,0.0728191043052479
KIDS_32.7_-28.2,0.0425513279404082
KIDS_199.0_1.5,0.0899919590432605
KIDS_187.5_2.5,0.1046387095868567
KIDS_30.3_-31.2,0.0884390832390183
KIDS_337.4_-28.2,0.0766642624931844
KIDS_236.0_0.5,0.1082422936852311
KIDS_232.0_0.5,0.1304990454562842
KIDS_344.2_-28.2,0.1468757291737321
KIDS_132.4_2.5,0.0940723806406911
KIDS_12.2_-35.1,0.0921613475708857
KIDS_354.1_-32.1,0.087771986360399
KIDS_161.4_2.5,0.1415830240792296
KIDS_200.0_-1.5,0.0860993224646808
KIDS_189.5_-3.5,0.087836525709127
KIDS_331.5_-29.2,0.0874697317362444
KIDS_212.0_-1.5,0.1174301591072757
KIDS_340.4_-30.2,0.1020098764964483
KIDS_218.6_3.5,0.1098585562353369
KIDS_26.9_-27.2,0.091675288976867
KIDS_169.0_0.5,0.0694443507564844
KIDS_341.4_-31.2,0.1141286455714319
KIDS_2.3_-30.2,0.0932880156954453
KIDS_213.0_0.5,0.0866763339578091
KIDS_42.0_-34.1,0.0819087596637505
KIDS_345.9_-32.1,0.1146693481630508
KIDS_39.1_-30.2,0.0823038319883571
KIDS_211.6_2.5,0.113860055102545
KIDS_157.4_2.5,0.1410646316644254
KIDS_6.0_-34.1,0.1029500898643627
KIDS_234.7_2.5,0.1000306822810103
KIDS_207.6_2.5,0.096979427574393
KIDS_353.3_-27.2,0.1206265166329822
KIDS_29.3_-28.2,0.0724545429061109
KIDS_30.3_-27.2,0.0810941527260695
KIDS_184.5_-2.5,0.0840751236268999
KIDS_196.5_-2.5,0.1137600426166171
KIDS_350.5_-33.1,0.0783893727633819
KIDS_8.0_-29.2,0.0667768441782133
KIDS_181.0_0.5,0.1309818167501424
KIDS_156.4_3.5,0.1011160213609762
KIDS_10.7_-33.1,0.060232405700104
KIDS_6.8_-29.2,0.0950191690676654
KIDS_179.5_-2.5,0.1062322056489081
KIDS_176.0_0.5,0.1240174162364121
KIDS_13.5_-28.2,0.1157551933664803
KIDS_221.6_-2.5,0.1232899838126993
KIDS_339.6_-34.1,0.0103410948521583
KIDS_202.6_-3.5,0.0502187977056351
KIDS_191.5_3.5,0.1239716046941436
KIDS_167.0_0.5,0.0968875652672194
KIDS_3.6_-33.1,0.0501413774637553
KIDS_205.6_-3.5,0.1089694717277335
KIDS_196.5_3.5,0.1010242157158672
KIDS_182.0_1.5,0.1132099896779479
KIDS_233.0_-1.5,0.1015719431129107
KIDS_331.8_-32.1,0.0990787629751168
KIDS_179.0_0.5,0.1225505927207274
KIDS_0.0_-35.1,0.0886392177576079
KIDS_171.0_-1.5,0.1425822368208887
KIDS_156.4_-3.5,0.1260430915896425
KIDS_192.5_-2.5,0.1146162917902774
KIDS_222.6_2.5,0.1215291145620773
KIDS_36.5_-35.1,0.0864869685296175
KIDS_45.0_-35.1,0.093166651854581
KIDS_196.5_-3.5,0.1325538006037229
KIDS_164.0_1.5,0.0977638761392861
KIDS_132.0_1.5,0.0939222596106956
KIDS_166.5_-3.5,0.1434147905269502
KIDS_346.2_-30.2,0.1304394423500286
KIDS_211.0_1.5,0.1564631469308375
KIDS_185.5_3.5,0.1021786945840915
KIDS_184.5_3.5,0.1111043565646304
KIDS_8.2_-32.1,0.0810270255097785
KIDS_15.9_-29.2,0.1008704315015778
KIDS_237.0_1.5,0.1115777668026879
KIDS_164.5_3.5,0.0883168009625942
KIDS_202.0_0.5,0.1021039383592568
KIDS_48.9_-26.2,0.0888222326553188
KIDS_175.0_0.5,0.0788601031643313
KIDS_173.0_1.5,0.0935426992183416
KIDS_172.0_1.5,0.0976780626328481
KIDS_27.1_-32.1,0.0698810056961867
KIDS_157.4_-2.5,0.1408254943191383
KIDS_209.6_2.5,0.0977961211579992
KIDS_165.0_-0.5,0.1006302297569866
KIDS_341.6_-30.2,0.0873079192154231
KIDS_19.2_-28.2,0.0910680423274679
KIDS_236.7_2.5,0.116639799998144
KIDS_187.0_1.5,0.1158467689493216
KIDS_29.7_-33.1,0.1607595650720199
KIDS_167.5_-3.5,0.0927747682546981
KIDS_208.6_2.5,0.1053342483989551
KIDS_208.0_0.5,0.0921792959844716
KIDS_167.0_-0.5,0.1015510448757321
KIDS_184.5_-3.5,0.1321869947407075
KIDS_5.7_-29.2,0.0906160578194806
KIDS_138.0_-0.5,0.1192029897754534
KIDS_28.0_-31.2,0.0950893625721214
KIDS_33.4_-30.2,0.0718037736958119
KIDS_205.0_0.5,0.1167659587235718
KIDS_184.0_-1.5,0.1194439726538407
KIDS_217.6_2.5,0.1103253555828849
KIDS_330.1_-30.2,0.1263355149318394
KIDS_171.5_2.5,0.1063753668074169
KIDS_227.0_-0.5,0.099981624016804
KIDS_165.0_0.5,0.073439147074635
KIDS_357.6_-35.1,0.0928288363122856
KIDS_48.7_-33.1,0.1135888235560869
KIDS_51.1_-35.1,0.0956460157789706
KIDS_217.0_0.5,0.1475415770417448
KIDS_336.5_-32.1,0.070944977643379
KIDS_201.0_-1.5,0.0925642942459331
KIDS_224.0_-1.5,0.1114616237375786
KIDS_209.0_-0.5,0.0897154011640796
KIDS_218.6_2.5,0.1111646402314915
KIDS_197.0_-1.5,0.1047550155570394
KIDS_5.8_-31.2,0.0669056948223437
KIDS_19.6_-30.2,0.1176809227265123
KIDS_131.0_0.5,0.103602637310012
KIDS_214.0_-1.5,0.1447174629143117
KIDS_171.5_3.5,0.1172692124070228
KIDS_180.5_-3.5,0.1018057009133019
KIDS_50.1_-29.2,0.0807248963345363
KIDS_138.0_1.5,0.1008259333936965
KIDS_216.6_2.5,0.0558716728182553
KIDS_201.0_0.5,0.1054989040553973
KIDS_237.7_2.5,0.0964804594690665
KIDS_36.8_-30.2,0.110830179632846
KIDS_348.1_-33.1,0.1073761223156061
KIDS_201.6_3.5,0.1131075016107641
KIDS_165.5_2.5,0.1182483689944495
KIDS_198.0_-0.5,0.113883955304866
KIDS_199.6_2.5,0.0964538563795119
KIDS_51.8_-32.1,0.0822067829182626
KIDS_223.6_-2.5,0.1250637409932323
KIDS_11.9_-33.1,0.1643855130752273
KIDS_3.6_-35.1,0.113888907354592
KIDS_43.2_-34.1,0.090928767956541
KIDS_202.0_1.5,0.1223130507944874
KIDS_183.0_-0.5,0.1282144905701926
KIDS_156.0_-0.5,0.1204291258480572
KIDS_37.6_-29.2,0.1001711514765935
KIDS_233.0_-0.5,0.095373706767503
KIDS_28.2_-32.1,0.0794073510800442
KIDS_169.0_-0.5,0.1037058300300438
KIDS_48.3_-30.2,0.1096093219973967
KIDS_351.9_-30.2,0.0778048270474957
KIDS_358.8_-35.1,0.1081780629645631
KIDS_24.5_-31.2,0.0792668929446901
KIDS_172.5_-2.5,0.1073983646160462
KIDS_333.1_-27.2,0.0705540821775188
KIDS_195.5_-3.5,0.1044614624303068
KIDS_32.8_-35.1,0.0886284993827737
KIDS_2.4_-32.1,0.0986337737712755
KIDS_192.0_-0.5,0.1102573843587559
KIDS_199.6_-2.5,0.105972623287093
KIDS_189.0_0.5,0.1043719322643537
KIDS_184.0_-0.5,0.1022038169559749
KIDS_221.0_1.5,0.1111569801029648
KIDS_213.6_-2.5,0.0929581052414869
KIDS_11.7_-31.2,0.1290032997538437
KIDS_220.6_3.5,0.0959344038973842
KIDS_203.6_2.5,0.0872105894333381
KIDS_355.1_-35.1,0.111576034399747
KIDS_160.4_2.5,0.1244719384310135
KIDS_14.7_-28.2,0.0858510980974656
KIDS_192.0_0.5,0.1036354845321016
KIDS_203.0_-1.5,0.0820721879189553
KIDS_219.6_-2.5,0.105232677257444
KIDS_17.1_-29.2,0.0558334250798079
KIDS_188.5_-3.5,0.1206595149370317
KIDS_211.6_-2.5,0.1107015451482059
KIDS_135.0_1.5,0.1166458278332721
KIDS_186.0_-1.5,0.0918358105265485
KIDS_197.5_2.5,0.1103932753852315
KIDS_36.8_-33.1,0.090243330217369
KIDS_183.5_2.5,0.1040274632219922
KIDS_192.0_-1.5,0.231851961007712
KIDS_39.5_-28.2,0.0724523417677382
KIDS_225.6_2.5,0.1221121395291853
KIDS_352.9_-33.1,0.1027494066036787
KIDS_12.0_-34.1,0.1271200701357638
KIDS_48.5_-28.2,0.0754757968952202
KIDS_345.6_-34.1,0.0934196935941902
KIDS_164.0_-0.5,0.0937705036185223
KIDS_3.4_-28.2,0.0897829691042519
KIDS_218.6_-2.5,0.1274067761365921
KIDS_206.0_-1.5,0.0918476692396115
KIDS_338.6_-33.1,0.0810615498352387
KIDS_139.0_0.5,0.1028424195923197
KIDS_209.0_-1.5,0.0514176979786354
KIDS_14.3_-33.1,0.0665872816831974
KIDS_31.9_-29.2,0.0849580821048545
KIDS_6.1_-35.1,0.1088288713318728
KIDS_202.0_-0.5,0.1090499703833254
KIDS_30.9_-33.1,0.0848240209236494
KIDS_207.6_-2.5,0.1193934463415933
KIDS_157.4_-3.5,0.0925248155601093
KIDS_14.1_-32.1,0.1255579399055484
KIDS_234.0_0.5,0.1050890495706791
KIDS_348.6_-29.2,0.1200240137221403
KIDS_20.5_-29.2,0.0457676941539794
KIDS_338.1_-30.2,0.0586094482563337
KIDS_226.0_-0.5,0.1120585934083021
KIDS_206.0_1.5,0.1061446788310883
KIDS_220.6_2.5,0.1414352777510242
KIDS_202.6_-2.5,0.1396560389547415
KIDS_203.0_1.5,0.1166896183881099
KIDS_349.7_-29.2,0.1079803224594743
KIDS_197.0_-0.5,0.0637874578642638
KIDS_28.0_-27.2,0.0639304404821501
KIDS_219.0_-1.5,0.1085419740105702
KIDS_349.8_-28.2,0.0935945277173639
KIDS_158.0_1.5,0.0822391569742779
KIDS_168.5_3.5,0.0803633584429622
KIDS_202.6_2.5,0.0934938106824185
KIDS_354.0_-34.1,0.0764995781710124
KIDS_339.8_-27.2,0.0051875980222296
KIDS_347.7_-27.2,0.1001788760798164
KIDS_339.7_-28.2,0.0818793142116032
KIDS_200.0_-0.5,0.1206121698977338
KIDS_174.0_-1.5,0.0505446376256815
KIDS_8.3_-33.1,0.0774401012813036
KIDS_204.6_-3.5,0.1025676474177893
KIDS_140.0_-1.5,0.1321173427744582
KIDS_21.6_-34.1,0.0671643514348847
KIDS_34.2_-29.2,0.0934630333271928
KIDS_159.4_3.5,0.1203023516746564
KIDS_17.0_-35.1,0.097737269457406
KIDS_38.0_-30.2,0.0842855633210408
KIDS_346.5_-27.2,0.062814927873179
KIDS_182.0_-0.5,0.0684429710336473
KIDS_193.5_-2.5,0.1563554565096489
KIDS_158.0_-0.5,0.09635639880682
KIDS_34.1_-32.1,0.1166924339499939
KIDS_11.5_-30.2,0.0940168150427985
KIDS_141.0_-0.5,0.1138260262038417
KIDS_223.0_0.5,0.1053050678100884
KIDS_2.4_-34.1,0.0561345381365028
KIDS_36.0_-34.1,0.0674472382140788
KIDS_222.0_-0.5,0.1078426083197949
KIDS_334.7_-30.2,0.083857036583348
KIDS_332.7_-33.1,0.068882030523167
KIDS_330.9_-31.2,0.1089152200709626
KIDS_178.5_2.5,0.0648926136384279
KIDS_234.0_-0.5,0.066271256343574
KIDS_129.0_0.5,0.1267767704564239
KIDS_13.1_-33.1,0.0747080169679743
KIDS_355.4_-30.2,0.0881256860634697
KIDS_347.1_-32.1,0.0959036681478508
KIDS_28.2_-28.2,0.0181335820886464
KIDS_28.0_-35.1,0.0993173812366788
KIDS_351.0_-28.2,0.1035406386002977
KIDS_339.5_-29.2,0.1171225701681258
KIDS_38.7_-29.2,0.1138876847450021
KIDS_167.5_2.5,0.1072757714041519
KIDS_194.5_3.5,0.092397807185829
KIDS_349.6_-30.2,0.0618974643253717
KIDS_165.5_-2.5,0.1021252187856871
KIDS_23.6_-27.2,0.0806150598394992
KIDS_220.0_1.5,0.1049153721168776
KIDS_334.1_-32.1,0.0811625151432521
KIDS_2.2_-27.2,0.05723400350284
KIDS_194.0_-0.5,0.0808205434509578
KIDS_4.7_-31.2,0.0932434837272299
KIDS_20.7_-35.1,0.0797529015021477
KIDS_341.0_-33.1,0.0902562333471955
KIDS_170.0_1.5,-0.0209671990766167
KIDS_18.2_-35.1,0.0946326094507164
KIDS_227.0_0.5,0.1071444885755934
KIDS_346.3_-29.2,0.0941888692513492
KIDS_130.0_-0.5,0.1107712598719868
KIDS_173.5_-2.5,0.1116250263745224
KIDS_332.4_-30.2,0.1072861837784083
KIDS_129.0_-1.5,0.0962504281247785
KIDS_332.0_-31.2,0.0745820477472987
KIDS_156.4_2.5,0.0994681251795492
KIDS_217.0_1.5,0.1346988863077454
KIDS_38.8_-32.1,0.1014936897244095
KIDS_35.3_-32.1,0.1022546273966658
KIDS_215.6_-3.5,0.1102011706013123
KIDS_174.5_-3.5,0.1125469270632015
KIDS_218.6_-3.5,0.1077499752516776
KIDS_228.0_1.5,0.1205934908025569
KIDS_188.0_0.5,0.1101815596464431
KIDS_19.5_-35.1,0.1028878415774231
KIDS_221.6_-3.5,0.0808764521108503
KIDS_157.0_1.5,0.0934274906511606
KIDS_41.5_-27.2,0.0884752883330746
KIDS_18.8_-32.1,0.118858150211384
KIDS_50.8_-28.2,0.1015054565613879
KIDS_191.0_0.5,0.0169908596495946
KIDS_334.0_-28.2,0.1074757633054719
KIDS_193.5_3.5,0.1103905704386766
KIDS_345.4_-27.2,0.0693348315123418
KIDS_162.5_3.5,0.110338311053886
KIDS_21.3_-27.2,0.0586364579960735
KIDS_30.5_-28.2,0.0929438858560401
KIDS_337.6_-32.1,0.0651085924665884
KIDS_177.5_-2.5,0.0717984562631006
KIDS_12.8_-31.2,0.0534411426053252
KIDS_23.9_-29.2,0.0852023354206616
KIDS_182.0_-1.5,0.1085077539216391
KIDS_349.1_-35.1,0.0888925985789751
KIDS_343.2_-27.2,0.0679037483198377
KIDS_227.0_1.5,0.118292096253979
KIDS_346.0_-31.2,0.1071159161650632
KIDS_207.6_3.5,0.0147365234987718
KIDS_141.4_2.5,0.1174390744723185
KIDS_347.6_-28.2,0.0713526913433569
KIDS_199.0_0.5,0.1038221498682058
KIDS_15.1_-31.2,0.1021637130715899
KIDS_341.8_-35.1,0.1068003339081192
KIDS_22.4_-32.1,0.0826041283362079
KIDS_188.0_-0.5,0.1009400206295693
KIDS_229.0_-1.5,0.0684754999999999
KIDS_333.2_-35.1,0.0385603990013898
KIDS_158.0_0.5,0.1287497673862583
KIDS_39.3_-27.2,0.0629432101232451
KIDS_191.0_-0.5,0.1166180736385953
KIDS_339.3_-35.1,-0.3197399495451343
KIDS_196.5_2.5,0.1084299723878529
KIDS_191.0_-1.5,0.1084942795190306
KIDS_195.5_-2.5,0.1158410302950265
KIDS_163.5_-2.5,0.1225432100408401
KIDS_354.3_-29.2,0.0817667916994533
KIDS_354.4_-28.2,0.0704050145970565
KIDS_181.5_-3.5,0.122682307213142
KIDS_27.6_-30.2,0.0244754031157662
KIDS_139.0_-1.5,0.1506889300347599
KIDS_159.0_-1.5,0.1273452192221824
KIDS_25.1_-29.2,0.0831014154359284
KIDS_166.5_3.5,0.0838253640710406
KIDS_51.8_-30.2,0.0627132255381994
KIDS_157.0_-0.5,0.0950066400854211
KIDS_221.0_0.5,0.0986150511660807
KIDS_195.5_3.5,0.1046289064145554
KIDS_42.4_-32.1,0.1242461404555109
KIDS_205.0_1.5,0.1305716300717152
KIDS_35.0_-28.2,0.0619009100195045
KIDS_207.0_-1.5,0.0901417216638331
KIDS_356.6_-28.2,0.1001586831502872
KIDS_25.5_-35.1,0.0755377102811159
KIDS_1.1_-27.2,0.0775339044398318
KIDS_20.2_-33.1,0.0945289780489149
KIDS_193.5_-3.5,0.1105805697188011
KIDS_3.5_-30.2,0.0998137641508052
KIDS_18.1_-28.2,0.1399296225997439
KIDS_44.4_-29.2,0.1171639720315367
KIDS_221.6_3.5,0.1099906640829364
KIDS_10.3_-29.2,0.0740364933551417
KIDS_46.3_-28.2,0.0626518942400907
KIDS_9.3_-31.2,0.0959273158720546
KIDS_16.6_-33.1,0.0977690012351646
KIDS_230.0_-0.5,0.1006159905131786
KIDS_231.0_0.5,0.1099650182886594
KIDS_4.8_-33.1,0.0954254408124933
KIDS_223.6_2.5,0.1460832306248777
KIDS_232.0_-1.5,0.1069573316265776
KIDS_159.4_-2.5,0.1430347906915178
KIDS_169.5_2.5,0.1419752605085794
KIDS_344.9_-31.2,0.0889496417251966
KIDS_6.7_-27.2,0.0851402953174962
KIDS_347.8_-35.1,0.0873531182572683
KIDS_205.6_-2.5,0.0864872375026158
KIDS_220.0_-1.5,0.1041776406442929
KIDS_235.0_-1.5,0.1068165363481823
KIDS_219.0_0.5,0.1217711709000473
KIDS_163.0_-0.5,0.0914701757427192
KIDS_195.0_0.5,0.0515161901409595
KIDS_44.3_-31.2,0.1157021767378007
KIDS_33.3_-33.1,0.072183553302418
KIDS_171.0_1.5,0.1241740493498729
KIDS_334.4_-31.2,0.0491320560825185
KIDS_358.9_-29.2,0.1467293280339942
KIDS_183.5_-2.5,0.073091838849465
KIDS_162.0_-1.5,0.0397054245123505
KIDS_350.3_-35.1,0.11630623503914
KIDS_210.0_-1.5,0.1026285600627797
KIDS_22.8_-29.2,0.0620345751844091
KIDS_350.4_-34.1,0.0977703444791073
KIDS_26.2_-29.2,0.0371818853386848
KIDS_352.1_-27.2,0.071452198394379
KIDS_210.6_-3.5,0.1184796883228481
KIDS_4.9_-35.1,0.1064088612216392
KIDS_32.4_-34.1,0.0672106353478607
KIDS_205.0_-1.5,0.1000756571157068
KIDS_181.0_1.5,0.133012080793391
KIDS_165.5_3.5,0.0833835144826002
KIDS_180.0_0.5,0.0897442340450551
KIDS_180.0_-1.5,0.1168387518502303
KIDS_43.3_-29.2,0.0923671996829404
KIDS_186.0_-0.5,0.1120155868880408
KIDS_46.7_-29.2,0.1006451141224239
KIDS_216.6_-2.5,0.1000572451832305
KIDS_40.3_-30.2,0.0870951534561723
KIDS_168.0_-1.5,0.100153279797807
KIDS_166.5_-2.5,0.0942206559807582
KIDS_42.6_-35.1,0.0987568007135479
KIDS_230.0_1.5,0.0884548705147023
KIDS_0.0_-28.2,0.0798125623912798
KIDS_358.8_-32.1,0.0747607491266415
KIDS_198.0_1.5,0.1144516311724636
KIDS_15.6_-34.1,0.062398337446359
KIDS_210.0_-0.5,0.0877442551345898
KIDS_159.0_0.5,0.1388302775547124
KIDS_181.0_-1.5,0.1192366473977744
KIDS_224.6_-3.5,0.0847805303826924
KIDS_187.0_0.5,0.1167417087182614
KIDS_344.2_-35.1,0.0348604203578013
KIDS_43.8_-35.1,0.0900017878886992
KIDS_223.0_-0.5,0.105006179225748
KIDS_178.0_-0.5,0.1256289937273865
KIDS_176.5_3.5,0.1298232673576722
KIDS_171.5_-2.5,0.1113555703565008
KIDS_186.5_-3.5,0.1016748283771699
KIDS_27.1_-28.2,0.0843974596372776
KIDS_173.5_2.5,0.1086990792159901
KIDS_38.1_-27.2,0.0914149284835953
KIDS_44.9_-27.2,0.076322200687221
KIDS_13.8_-30.2,0.11898732259005
KIDS_215.6_2.5,0.0942439121099478
KIDS_0.0_-30.2,0.1037350466566565
KIDS_211.0_0.5,0.1575201661913448
KIDS_349.4_-32.1,0.0921800349998397
KIDS_233.0_1.5,0.1266551346265512
KIDS_16.3_-31.2,0.0791907787999962
KIDS_173.0_-0.5,0.1283134720343989
KIDS_232.0_1.5,0.1489133180375546
KIDS_352.7_-35.1,0.1150587513457244
KIDS_21.4_-33.1,0.0335360765136729
KIDS_0.0_-29.2,0.062479895689689
KIDS_213.0_1.5,0.119614776192246
KIDS_166.0_-0.5,0.0897610194801477
KIDS_51.6_-34.1,0.0949335812346363
KIDS_185.5_2.5,0.1331440514552762
KIDS_336.7_-31.2,0.120016444827012
KIDS_32.6_-31.2,0.0912511454045922
KIDS_24.2_-30.2,0.1191184867912101
KIDS_235.0_-0.5,0.1085510977722645
KIDS_141.0_1.5,0.1295754677087151
KIDS_15.8_-35.1,0.066985302321607
KIDS_187.0_-1.5,0.0917041025995568
KIDS_159.4_-3.5,0.117259824129874
KIDS_134.0_0.5,0.12240386822029
KIDS_214.6_-3.5,0.1079671379849732
KIDS_176.5_-3.5,0.1063888201168365
KIDS_183.0_1.5,0.1170939530214095
KIDS_14.0_-31.2,0.0735049097047185
KIDS_194.5_2.5,0.1076638157765617
KIDS_191.5_-2.5,0.0993145565305961
KIDS_35.3_-29.2,0.0815990379564716
KIDS_9.0_-27.2,0.0971149952771552
KIDS_4.6_-29.2,0.089668248553185
KIDS_35.9_-27.2,0.0846801141405416
KIDS_191.5_2.5,0.0586066642394053
KIDS_1.2_-32.1,0.1075310094120366
KIDS_31.6_-35.1,0.0800059396245355
KIDS_14.8_-29.2,0.0741693970360716
KIDS_229.0_1.5,0.1105950745148443
KIDS_194.0_-1.5,0.1169388611507931
KIDS_8.2_-31.2,0.0699407055461016
KIDS_186.5_3.5,0.0781587359794382
KIDS_219.0_1.5,0.1064720985222803
KIDS_330.6_-32.1,0.1145042401921238
KIDS_335.7_-35.1,0.1010505251610047
KIDS_11.4_-29.2,0.1021292625230894
KIDS_25.3_-30.2,0.0456237146615245
KIDS_172.0_-0.5,0.1231638217386368
KIDS_213.6_2.5,0.0760344762800913
KIDS_22.6_-33.1,0.0914947215375637
KIDS_336.9_-35.1,0.0626143111515316
KIDS_50.6_-32.1,0.0808561246984768
KIDS_135.0_0.5,0.126203803562542
KIDS_174.0_-0.5,0.0999459363050773
KIDS_29.6_-29.2,-0.0103993133305161
KIDS_5.9_-33.1,0.0805917504495993
KIDS_170.5_2.5,0.0915968393986277
KIDS_49.0_-29.2,0.0779322567975996
KIDS_221.0_-1.5,0.095710044354938
KIDS_332.0_-27.2,0.0146081613480348
KIDS_132.0_0.5,0.1444960670360238
KIDS_30.6_-32.1,0.0823053285816705
KIDS_191.5_-3.5,0.1164959951117398
KIDS_210.0_0.5,0.0995926405000469
KIDS_162.0_0.5,0.1406064346240382
KIDS_203.0_-0.5,0.0776535100277842
KIDS_185.5_-3.5,0.0767516221059967
KIDS_39.2_-33.1,0.0960791357682708
KIDS_26.8_-31.2,0.0568732768090241
KIDS_344.4_-34.1,0.0648383598317821
KIDS_133.0_-1.5,0.1130287428658435
KIDS_329.5_-28.2,0.0768720155101215
KIDS_22.8_-34.1,0.0644422777939783
KIDS_51.1_-33.1,0.0908614198356814
KIDS_200.6_-2.5,0.0889476292603803
KIDS_340.8_-34.1,0.1490059820978183
KIDS_45.1_-28.2,0.0876474512325424
KIDS_136.4_2.5,0.1248519682657417
KIDS_183.0_0.5,0.0412524041135075
KIDS_135.0_-1.5,0.0976923866380262
KIDS_180.5_-2.5,0.0917716634593952
KIDS_357.7_-31.2,0.1348079141154831
KIDS_9.4_-32.1,0.0926781488631634
KIDS_167.5_3.5,0.1014309501113822
KIDS_160.0_0.5,0.0404422463212061
KIDS_190.5_2.5,0.1108728735537378
KIDS_34.8_-27.2,0.0489975610946981
KIDS_23.0_-30.2,0.074694176685892
KIDS_182.5_-3.5,0.1161099221592692
KIDS_216.6_-3.5,0.1085364354199411
KIDS_337.2_-34.1,0.1942388853905661
KIDS_190.0_0.5,0.114349269325606
KIDS_205.6_2.5,0.0909940615153407
KIDS_193.0_-0.5,0.0687891012849678
KIDS_41.4_-30.2,0.0734181958027937
KIDS_133.0_1.5,0.118782431608781
KIDS_158.4_2.5,0.122440663148813
KIDS_6.8_-28.2,0.0823104567314107
KIDS_166.5_2.5,0.0793769706072234
KIDS_9.2_-30.2,0.0786368997209051
KIDS_37.2_-28.2,0.0638597604564731
KIDS_137.4_2.5,0.0866801866285785
KIDS_164.0_0.5,0.0593105536593077
KIDS_186.5_2.5,0.1213889780177663
KIDS_214.6_-2.5,0.1166183356660851
KIDS_194.5_-2.5,0.0991550066036207
KIDS_226.6_2.5,0.0939072393922496
KIDS_188.5_3.5,0.1082686170273752
KIDS_199.6_3.5,0.1153509096581024
KIDS_196.0_1.5,-1.443156464852829
KIDS_3.4_-29.2,0.0783741279687906
KIDS_10.4_-30.2,0.0580592375458187
KIDS_7.2_-34.1,0.0732057597975595
KIDS_195.0_-1.5,0.0988894523704937
KIDS_358.8_-31.2,6.527532049286615
KIDS_175.5_-2.5,0.1140271038739177
KIDS_329.6_-35.1,0.0942194073778519
KIDS_23.3_-31.2,0.0080787936785687
KIDS_229.6_2.5,0.1793384684733401
KIDS_13.5_-27.2,0.0619568124927337
KIDS_348.5_-30.2,0.1159369877131645
KIDS_20.3_-28.2,0.0959252071869067
KIDS_160.4_3.5,0.116875170643859
KIDS_4.8_-34.1,0.0808220108822154
KIDS_1.2_-33.1,0.0788330799320133
KIDS_164.5_-3.5,0.1041008152931766
KIDS_345.4_-35.1,0.1253159720323029
KIDS_42.9_-28.2,0.0637173606332217
KIDS_168.0_0.5,0.1310091310203912
KIDS_218.0_0.5,0.0932394972037529
KIDS_170.5_3.5,0.0922707053825057
KIDS_37.3_-31.2,0.0880651422656935
KIDS_181.5_3.5,0.0752141769368598
KIDS_341.8_-29.2,0.0738298985627057
KIDS_179.5_-3.5,0.1071004139368178
KIDS_236.0_-0.5,0.1190270820330198
KIDS_196.0_0.5,-0.1999272168002751
KIDS_157.4_3.5,0.0862631223743681
KIDS_190.5_-2.5,0.1065693752688634
KIDS_229.0_-0.5,0.1086189083467505
KIDS_234.0_-1.5,0.0991186721662806
KIDS_8.1_-30.2,0.095928994727528
KIDS_7.0_-31.2,0.0838028339846366
KIDS_18.2_-29.2,0.1034179369319956
KIDS_182.5_2.5,0.113765844924259
KIDS_204.6_-2.5,0.0864722156575723
KIDS_217.0_-1.5,0.1456135856657245
KIDS_46.0_-30.2,0.0969379150363837
KIDS_175.0_1.5,0.107533907209026
KIDS_175.5_-3.5,0.1253517816113092
KIDS_137.0_1.5,0.1005226432083372
KIDS_225.0_-1.5,0.1154177669905877
KIDS_358.9_-28.2,0.0906513902309398
KIDS_197.5_-3.5,0.1173682799779601
KIDS_23.7_-28.2,0.0954431378817578
KIDS_24.7_-32.1,0.0787161307737195
KIDS_344.3_-27.2,0.0805254821370903
KIDS_130.0_0.5,0.1081347408719716
KIDS_185.0_0.5,0.1382119147537894
KIDS_34.5_-33.1,0.0755484071747851
KIDS_41.6_-33.1,0.1388918089637431
KIDS_1.1_-28.2,0.0774228028937547
KIDS_185.5_-2.5,0.0829648127723556
KIDS_17.9_-27.2,0.0465161790654297
KIDS_199.0_-1.5,0.0972496006304994
KIDS_210.6_2.5,0.0895227726027813
KIDS_187.0_-0.5,-0.0978870435077171
KIDS_40.1_-35.1,0.1178596002764216
KIDS_156.4_-2.5,0.0938432512092918
KIDS_137.0_-1.5,0.1107687554089886
KIDS_342.5_-31.2,0.0817353301186769
KIDS_138.0_-1.5,0.0983355184734173
KIDS_351.7_-33.1,0.1143371400577575
KIDS_5.6_-27.2,0.0555989034146033
KIDS_12.9_-32.1,0.1016519130506033
KIDS_17.3_-30.2,0.05355149793592
KIDS_25.0_-33.1,0.0507796941522371
KIDS_192.5_3.5,0.0854113706019022
KIDS_216.0_0.5,0.1031178574245726
KIDS_200.0_0.5,0.0936728457499314
KIDS_356.4_-34.1,0.0682925649146417
KIDS_185.0_-1.5,0.1126021145721243
KIDS_334.9_-29.2,0.0985810355238959
KIDS_358.8_-34.1,0.097030527345982
KIDS_238.0_1.5,0.0890415241960341
KIDS_161.4_-3.5,0.1277413814814463
KIDS_2.4_-33.1,0.1027327864152688
KIDS_350.6_-32.1,0.1160774477147577
KIDS_159.0_1.5,0.1006254171653391
KIDS_50.1_-31.2,0.099403063849623
KIDS_210.6_-2.5,0.1207946756942514
KIDS_18.0_-34.1,0.0571312247651853
KIDS_140.0_-0.5,0.1656251895937414
KIDS_140.0_0.5,0.105545322632128
KIDS_178.5_-2.5,0.0709517955046284
KIDS_39.9_-29.2,0.1138036658499725
KIDS_164.5_-2.5,0.0986328587476231
KIDS_3.6_-34.1,0.0972067671568439
KIDS_163.0_-1.5,0.1197902175058853
KIDS_173.0_0.5,0.1052446321166897
KIDS_209.0_0.5,-0.2346771878877251
KIDS_38.4_-31.2,0.0998910268871617
KIDS_40.8_-31.2,0.1017958774564253
KIDS_182.5_-2.5,0.0998071823579734
KIDS_0.0_-32.1,0.0923207560471481
KIDS_35.7_-30.2,0.0831715623480137
KIDS_52.3_-35.1,0.078621158208262
KIDS_356.6_-29.2,0.0900477032615812
KIDS_194.0_1.5,0.1251652138480088
KIDS_223.6_3.5,0.0777794826404392
KIDS_223.0_-1.5,0.1104443734406983
KIDS_19.0_-33.1,0.1076452537145015
KIDS_136.0_0.5,0.1172221744984802
KIDS_139.0_1.5,0.1632112356231338
KIDS_18.4_-30.2,0.0608821690977592
KIDS_181.5_-2.5,0.088456489546815
KIDS_207.6_-3.5,0.1255551292695694
KIDS_211.6_-3.5,0.0587327715379417
KIDS_177.5_-3.5,0.1122437552739479
KIDS_1.2_-31.2,0.0852221942073826
KIDS_201.0_1.5,0.120234279908242
KIDS_131.4_2.5,0.1111482420497985
KIDS_36.1_-28.2,0.0604148110631277
KIDS_11.8_-32.1,0.1122519644825335
KIDS_27.3_-33.1,0.0819654729173011
KIDS_237.0_-1.5,0.1050356762983273
KIDS_3.5_-32.1,0.0978978209224416
KIDS_176.0_-1.5,0.1032384352614049
KIDS_44.0_-33.1,0.1007403804779136
KIDS_28.5_-33.1,0.0652678311582236
KIDS_332.9_-32.1,0.080536428240377
KIDS_200.6_-3.5,0.1218456384947653
KIDS_141.0_0.5,0.1107132521152555
KIDS_163.5_2.5,0.1147565478206537
KIDS_189.5_3.5,0.1014262530084801
KIDS_214.6_3.5,0.0822333249861029
KIDS_181.5_2.5,0.1083359331078024
KIDS_345.2_-29.2,0.1137199832666875
KIDS_216.6_3.5,0.0794621753102726
KIDS_7.1_-32.1,0.0879171716787458
KIDS_208.6_-2.5,0.0608079041265743
KIDS_212.6_2.5,0.1194317737345788
KIDS_37.6_-32.1,0.0941199858982321
KIDS_30.4_-35.1,0.0879090750070362
KIDS_1.2_-30.2,0.0750350319135775
KIDS_44.7_-32.1,0.1078523813463619
KIDS_200.6_2.5,0.1160428185525843
KIDS_26.1_-33.1,0.0534585661629846
KIDS_237.0_0.5,0.1117216041643536
KIDS_190.0_-1.5,0.1004946778332799
KIDS_345.7_-33.1,0.100310205767153
KIDS_342.2_-33.1,0.1387513536952673
KIDS_173.5_-3.5,0.1229740714049213
KIDS_170.0_-1.5,0.1074517930332159
KIDS_209.0_1.5,0.1222721598283278
KIDS_354.2_-30.2,0.1234218461237409
KIDS_43.5_-32.1,0.1132450708640203
KIDS_348.2_-32.1,0.0904136601829497
KIDS_53.5_-35.1,0.0928420855668184
KIDS_180.5_2.5,0.1214866821621123
KIDS_23.5_-32.1,0.0466312312359811
KIDS_178.0_-1.5,0.1134273530426678
KIDS_214.0_0.5,0.1149423762053671
KIDS_332.7_-29.2,0.0788599721166284
KIDS_172.5_2.5,0.1236080002989559
KIDS_226.0_1.5,0.1438228595376071
KIDS_355.3_-31.2,0.0818579051146309
KIDS_179.0_1.5,0.0977075459150942
KIDS_49.7_-28.2,0.0877520108808086
KIDS_353.2_-28.2,0.0628258941209862
KIDS_9.5_-33.1,0.0879384880294084
KIDS_10.8_-34.1,0.0832501434301032
KIDS_206.0_0.5,0.1261750844902434
KIDS_343.5_-32.1,0.0776648104829805
KIDS_357.8_-27.2,0.0454188712798072
KIDS_44.4_-34.1,0.0894861381958943
KIDS_200.6_3.5,0.1417359090128614
KIDZ_334.5_1.9,0.1011376938231906
KIDZ_330.5_1.9,0.1143740497101712
DEEP2328,0.1036731075322914
KIDZ_32.6_-4.6,0.1260772178825692
KIDZ_151.1_2.0,0.0682057569318008
KIDZ_333.9_0.9,0.0537370380153715
KIDZ_33.6_-4.6,0.1348196430283993
KIDZ_333.9_-0.1,0.1135390517362532
KIDZ_34.6_-4.6,0.136364744958044
DEEP0228,0.0991194178735548
VVDSf02,0.1240075615243795
KIDZ_333.5_1.9,0.1020939221652278
KIDZ_37.6_-4.6,0.1155646069735107
KIDZ_334.9_-0.1,0.0551756229418222
KIDZ_210.4_5.1,0.0295955500069119
KIDZ_209.4_5.1,0.0545006530654202
KIDZ_331.5_1.9,0.106099962176522
KIDZ_34.5_-5.0,0.1226435822586257
KIDZ_332.5_1.9,0.1108378598534918
KIDZ_35.6_-4.6,0.1340400619839832
KIDZ_334.9_0.9,0.1036968765993852
KIDZ_31.6_-4.6,0.1249980545029363
DEEP2332,0.1118301537425116
