# AW Keyword,New Keyword,Comment,Unit
SeqNr,SeqNr,"Running object number within the catalogue",""
SLID,SLID,"AstroWise Source list ID",""
SID,SID,"AstroWise Source ID within the source list",""
ESO_ID,ID,"ESO ID",""
FLUX_AUTO_THELI,FLUX_AUTO,"r-band flux (count)","count"
FLUXERR_AUTO_THELI,FLUXERR_AUTO,"Error on FLUX_AUTO (count)","count"
MAG_AUTO_THELI,MAG_AUTO,"r-band magnitude (mag)","mag"
MAGERR_AUTO_THELI,MAGERR_AUTO,"Error on MAG_AUTO (mag)","mag"
KRON_RADIUS_THELI,KRON_RADIUS,"Scaling radius of the ellipse for magnitude measurements","pixel"
BackGr_THELI,BackGr,"Background count at centroid position (count)","count"
Level_THELI,Level,"Detection threshold above background (count)","count"
MU_THRESHOLD_THELI,MU_THRESHOLD,"Detection threshold above background (mag arcsec^-2)","mag * arcsec**(-2)"
MaxVal_THELI,MaxVal,"Peak flux above background (count)","count"
MU_MAX_THELI,MU_MAX,"Peak surface brightness above background (mag arcsec^-2)","mag * arcsec**(-2)"
ISOAREA_WORLD_THELI,ISOAREA_WORLD,"Isophotal area above analysis threshold (deg^2)","deg**2"
Xpos_THELI,Xpos,"Centroid x position in the THELI image (pix)","pixel"
Ypos_THELI,Ypos,"Centroid y position in the THELI image (pix)","pixel"
RA,RAJ2000,"Centroid sky position right ascension (J2000) (deg)","deg"
DEC,DECJ2000,"Centroid sky position declination (J2000) (deg)","deg"
A_WORLD_THELI,A_WORLD,"Profile RMS along major axis (deg)","deg"
B_WORLD_THELI,B_WORLD,"Profile RMS along minor axis (deg)","deg"
THETA_J2000_THELI,THETA_J2000,"Position angle (West of North) (deg)","deg"
THETA_WORLD_THELI,THETA_WORLD,"Position angle (Counterclockwise from world x-axis (deg)","deg"
ERRA_WORLD_THELI,ERRA_WORLD,"World RMS position error along major axis (deg)","deg"
ERRB_WORLD_THELI,ERRB_WORLD,"World RMS position error along minor axis (deg)","deg"
ERRTHETA_J2000_THELI,ERRTHETA_J2000,"Error on THETA_J2000 (deg)","deg"
ERRTHETA_WORLD_THELI,ERRTHETA_WORLD,"Error on THETA_WORLD (deg)","deg"
FWHM_IMAGE_THELI,FWHM_IMAGE,"FWHM assuming a gaussian object profile (pix)","pixel"
FWHM_WORLD_THELI,FWHM_WORLD,"FWHM assuming a gaussian object profile (deg)","deg"
Flag_THELI,Flag,"SExtractor extraction flags",""
FLUX_RADIUS_THELI,FLUX_RADIUS,"Half-light radius (pix)","pixel"
CLASS_STAR_THELI,CLASS_STAR,"Star-galaxy classifier",""
EXTINCTION_u,EXTINCTION_u,"Galactic extinction in the u band (mag)","mag"
EXTINCTION_g,EXTINCTION_g,"Galactic extinction in the g band (mag)","mag"
EXTINCTION_r,EXTINCTION_r,"Galactic extinctio" in the r band (mag)","mag"
EXTINCTION_i,EXTINCTION_i,"Galactic extinc"ion in the i band (mag)","mag"
A_GAAP_r,Agaper_0p7,"Major axis of GAaP aperture minaper 0.7arcs (arcsec)","arcsec"
B_GAAP_r,Bgaper_0p7,"Minor axis of GAaP aperture minaper 0.7arcs (arcsec)","arcsec"
A_GAAP_r_1p0,Agaper_1p0,"Major axis of GAaP aperture minaper 1.0arcs (arcsec)","arcsec"
B_GAAP_r_1p0,Bgaper_1p0,"Minor axis of GAaP aperture minaper 1.0arcs (arcsec)","arcsec"
PA_GAAP_r,PAgaap,"Position angle of major axis of GAaP aperture (North of West) (deg)","deg"
FLAG_GAAP_u,FLAG_GAAP_0p7_u,"GAaP Flag for MAG_GAAP_u minaper 0.7arcs",""
FLAG_GAAP_g,FLAG_GAAP_0p7_g,"GAaP Flag for MAG_GAAP_g minaper 0.7arcs",""
FLAG_GAAP_r,FLAG_GAAP_0p7_r,"GAaP Flag for MAG_GAAP_r minaper 0.7arcs",""
FLAG_GAAP_i,FLAG_GAAP_0p7_i1,"GAaP Flag for MAG_GAAP_i1 minaper 0.7arcs",""
FLAG_GAAP_i2,FLAG_GAAP_0p7_i2,"GAaP Flag for MAG_GAAP_i2 minaper 0.7arcs",""
FLUX_GAAP_u,FLUX_GAAP_0p7_u,"GAAP u-band flux minaper 0.7arcs (count)","count"
FLUX_GAAP_g,FLUX_GAAP_0p7_g,"GAAP g-band flux minaper 0.7arcs (count)","count"
FLUX_GAAP_r,FLUX_GAAP_0p7_r,"GAAP r-band flux minaper 0.7arcs (count)","count"
FLUX_GAAP_i,FLUX_GAAP_0p7_i1,"GAAP i-band flux minaper 0.7arcs (count)","count"
FLUX_GAAP_i2,FLUX_GAAP_0p7_i2,"GAAP i-band flux minaper 0.7arcs (count)","count"
FLUXERR_GAAP_u,FLUXERR_GAAP_0p7_u,"Error on FLUX_GAAP_u minaper 0.7arcs (count)","count"
FLUXERR_GAAP_g,FLUXERR_GAAP_0p7_g,"Error on FLUX_GAAP_g minaper 0.7arcs (count)","count"
FLUXERR_GAAP_r,FLUXERR_GAAP_0p7_r,"Error on FLUX_GAAP_r minaper 0.7arcs (count)","count"
FLUXERR_GAAP_i,FLUXERR_GAAP_0p7_i1,"Error on FLUX_GAAP_i1 minaper 0.7arcs (count)","count"
FLUXERR_GAAP_i2,FLUXERR_GAAP_0p7_i2,"Error on FLUX_GAAP_i2 minaper 0.7arcs (count)","count"
FLAG_GAAP_u_1p0,FLAG_GAAP_1p0_u,"GAaP Flag for MAG_GAAP_u minaper 1.0arcs",""
FLAG_GAAP_g_1p0,FLAG_GAAP_1p0_g,"GAaP Flag for MAG_GAAP_g minaper 1.0arcs",""
FLAG_GAAP_r_1p0,FLAG_GAAP_1p0_r,"GAaP Flag for MAG_GAAP_r minaper 1.0arcs",""
FLAG_GAAP_i_1p0,FLAG_GAAP_1p0_i1,"GAaP Flag for MAG_GAAP_i1 minaper 1.0arcs",""
FLAG_GAAP_i2_1p0,FLAG_GAAP_1p0_i2,"GAaP Flag for MAG_GAAP_i2 minaper 1.0arcs",""
FLUX_GAAP_u_1p0,FLUX_GAAP_1p0_u,"GAAP u-band flux minaper 1.0arcs (count)","count"
FLUX_GAAP_g_1p0,FLUX_GAAP_1p0_g,"GAAP g-band flux minaper 1.0arcs (count)","count"
FLUX_GAAP_r_1p0,FLUX_GAAP_1p0_r,"GAAP r-band flux minaper 1.0arcs (count)","count"
FLUX_GAAP_i_1p0,FLUX_GAAP_1p0_i1,"GAAP i-band flux minaper 1.0arcs (count)","count"
FLUX_GAAP_i2_1p0,FLUX_GAAP_1p0_i2,"GAAP i-band flux minaper 1.0arcs (count)","count"
FLUXERR_GAAP_u_1p0,FLUXERR_GAAP_1p0_u,"Error on FLUX_GAAP_u minaper 1.0arcs (count)","count"
FLUXERR_GAAP_g_1p0,FLUXERR_GAAP_1p0_g,"Error on FLUX_GAAP_g minaper 1.0arcs (count)","count"
FLUXERR_GAAP_r_1p0,FLUXERR_GAAP_1p0_r,"Error on FLUX_GAAP_r minaper 1.0arcs (count)","count"
FLUXERR_GAAP_i_1p0,FLUXERR_GAAP_1p0_i1,"Error on FLUX_GAAP_i1 minaper 1.0arcs (count)","count"
FLUXERR_GAAP_i2_1p0,FLUXERR_GAAP_1p0_i2,"Error on FLUX_GAAP_i2 minaper 1.0arcs (count)","count"
MAG_ISO_THELI,MAG_ISO,"r-band Isophotal Magnitude (mag)","mag"
MAGERR_ISO_THELI,MAGERR_ISO,"Error on MAG_ISO (mag)","mag"
FLUX_ISO_THELI,FLUX_ISO,"r-band Isophotal Flux (count)","count"
FLUXERR_ISO_THELI,FLUXERR_ISO,"Error on FLUX_ISO (count)","count"
MAG_ISOCOR_THELI,MAG_ISOCOR,"r-band Corrected Isophotal Magnitude (mag)","mag"
MAGERR_ISOCOR_THELI,MAGERR_ISOCOR,"Error on MAG_ISOCOR (mag)","mag"
FLUX_ISOCOR_THELI,FLUX_ISOCOR,"r-band Corrected Isophotal Flux (count)","count"
FLUXERR_ISOCOR_THELI,FLUXERR_ISOCOR,"Error on FLUX_ISOCOR (count)","count"
NIMAFLAGS_ISO_THELI,NIMAFLAGS_ISO,"Number of flagged pixels over the isophotal profile",""
IMAFLAGS_ISO_THELI,IMAFLAGS_ISO,"FLAG-image flags ORed over the isophotal profile",""
XMIN_IMAGE_THELI,XMIN_IMAGE,"Minimum x-coordinate among detected pixels (pixel)","pixel"
YMIN_IMAGE_THELI,YMIN_IMAGE,"Minimum y-coordinate among detected pixels (pixel)","pixel"
XMAX_IMAGE_THELI,XMAX_IMAGE,"Maximum x-coordinate among detected pixels (pixel)","pixel"
YMAX_IMAGE_THELI,YMAX_IMAGE,"Maximum x-coordinate among detected pixels (pixel)","pixel"
X_WORLD_THELI,X_WORLD,"Barycentre position along world x axis (deg)","deg"
Y_WORLD_THELI,Y_WORLD,"Barycentre position along world y axis (deg)","deg"
X2_WORLD_THELI,X2_WORLD,"Variance of position along X_WORLD (alpha) (deg^2)","deg**2"
Y2_WORLD_THELI,Y2_WORLD,"Variance of position along X_WORLD (delta) (deg^2)","deg**2"
XY_WORLD_THELI,XY_WORLD,"Covariance of position X_WORLD/Y_WORLD (deg^2)","deg**2"
ERRX2_WORLD_THELI,ERRX2_WORLD,"Error on XY_WORLD (deg^2)","deg**2"
ERRY2_WORLD_THELI,ERRY2_WORLD,"Error on XY_WORLD (deg^2)","deg**2"
ERRXY_WORLD_THELI,ERRXY_WORLD,"Error on XY_WORLD (deg^2)","deg**2"
CXX_WORLD_THELI,CXX_WORLD,"SExtractor Cxx object ellipse parameter (deg^-2)","deg**(-2)"
CYY_WORLD_THELI,CYY_WORLD,"SExtractor Cyy object ellipse parameter (deg^-2)","deg**(-2)"
CXY_WORLD_THELI,CXY_WORLD,"SExtractor Cxy object ellipse parameter (deg^-2)","deg**(-2)"
ERRCXX_WORLD_THELI,ERRCXX_WORLD,"Error on CXX_WORLD (deg^-2)","deg**(-2)"
ERRCYY_WORLD_THELI,ERRCYY_WORLD,"Error on CYY_WORLD (deg^-2)","deg**(-2)"
ERRCXY_WORLD_THELI,ERRCXY_WORLD,"Error on CXY_WORLD (deg^-2)","deg**(-2)"
A_THELI,A_IMAGE,"Profile RMS along x-axis (pix)","pixel"
B_THELI,B_IMAGE,"Profile RMS along y-axis (pix)","pixel"
ERRA_IMAGE_THELI,ERRA_IMAGE,"Error on A_IMAGE","pixel"
ERRB_IMAGE_THELI,ERRB_IMAGE,"Error on B_IMAGE","pixel"
ELLIPTICITY_THELI,S_ELLIPTICITY,"SExtractor Ellipticity (1-B_IMAGE/A_IMAGE)",""
ELONGATION_THELI,S_ELONGATION,"SExtractor Elongation (A_IMAGE/B_IMAGE)",""
MAG_APER_4_THELI,MAG_APER_4,"r-band Magnitude within a circular aperture of 4 pixels (mag)","mag"
MAGERR_APER_4_THELI,MAGERR_APER_4,"Error on MAG_APER_4 (mag)","mag"
FLUX_APER_4_THELI,FLUX_APER_4,"r-band Flux within a circular aperture of 4 pixels (count)","count"
FLUXERR_APER_4_THELI,FLUXERR_APER_4,"Error on FLUX_APER_4 (count)","count"
MAG_APER_6_THELI,MAG_APER_6,"r-band Magnitude within a circular aperture of 6 pixels (mag)","mag"
MAGERR_APER_6_THELI,MAGERR_APER_6,"Error on MAG_APER_6 (mag)","mag"
FLUX_APER_6_THELI,FLUX_APER_6,"r-band Flux within a circular aperture of 6 pixels (count)","count"
FLUXERR_APER_6_THELI,FLUXERR_APER_6,"Error on FLUX_APER_6 (count)","count"
MAG_APER_8_THELI,MAG_APER_8,"r-band Magnitude within a circular aperture of 8 pixels (mag)","mag"
MAGERR_APER_8_THELI,MAGERR_APER_8,"Error on MAG_APER_8 (mag)","mag"
FLUX_APER_8_THELI,FLUX_APER_8,"r-band Flux within a circular aperture of 8 pixels (count)","count"
FLUXERR_APER_8_THELI,FLUXERR_APER_8,"Error on FLUX_APER_8 (count)","count"
MAG_APER_10_THELI,MAG_APER_10,"r-band Magnitude within a circular aperture of 10 pixels (mag)","mag"
MAGERR_APER_10_THELI,MAGERR_APER_10,"Error on MAG_APER_10 (mag)","mag"
FLUX_APER_10_THELI,FLUX_APER_10,"r-band Flux within a circular aperture of 10 pixels (count)","count"
FLUXERR_APER_10_THELI,FLUXERR_APER_10,"Error on FLUX_APER_10 (count)","count"
MAG_APER_14_THELI,MAG_APER_14,"r-band Magnitude within a circular aperture of 14 pixels (mag)","mag"
MAGERR_APER_14_THELI,MAGERR_APER_14,"Error on MAG_APER_14 (mag)","mag"
FLUX_APER_14_THELI,FLUX_APER_14,"r-band Flux within a circular aperture of 14 pixels (count)","count"
FLUXERR_APER_14_THELI,FLUXERR_APER_14,"Error on FLUX_APER_14 (count)","count"
MAG_APER_20_THELI,MAG_APER_20,"r-band Magnitude within a circular aperture of 20 pixels (mag)","mag"
MAGERR_APER_20_THELI,MAGERR_APER_20,"Error on MAG_APER_20 (mag)","mag"
FLUX_APER_20_THELI,FLUX_APER_20,"r-band Flux within a circular aperture of 20 pixels (count)","count"
FLUXERR_APER_20_THELI,FLUXERR_APER_20,"Error on FLUX_APER_20 (count)","count"
MAG_APER_30_THELI,MAG_APER_30,"r-band Magnitude within a circular aperture of 30 pixels (mag)","mag"
MAGERR_APER_30_THELI,MAGGERR_APER_30,"Error on MAG_APER_30 (mag)","mag"
FLUXERR_APER_30_THELI,FLUXERR_APER_30,"r-band Flux within a circular aperture of 30 pixels (count)","count"
FLUX_APER_30_THELI,FLUX_APER_30,"Error on FLUX_APER_30 (count)","count"
MAG_APER_40_THELI,MAG_APER_40,"r-band Magnitude within a circular aperture of 40 pixels (mag)","mag"
MAGERR_APER_40_THELI,MAGERR_APER_40,"Error on MAG_APER_40 (mag)","mag"
FLUX_APER_40_THELI,FLUX_APER_40,"r-band Flux within a circular aperture of 40 pixels (count)","count"
FLUXERR_APER_40_THELI,FLUXERR_APER_40,"Error on FLUX_APER_40 (count)","count"
MAG_APER_60_THELI,MAG_APER_60,"r-band Magnitude within a circular aperture of 60 pixels (mag)","mag"
MAGERR_APER_60_THELI,MAGERR_APER_60,"Error on MAG_APER_60 (mag)","mag"
FLUX_APER_60_THELI,FLUX_APER_60,"r-band Flux within a circular aperture of 60 pixels (count)","count"
FLUXERR_APER_60_THELI,FLUXERR_APER_60,"Error on FLUX_APER_60 (count)","count"
MAG_APER_100_THELI,MAG_APER_100,"r-band Magnitude within a circular aperture of 100 pixels (mag)","mag"
MAGERR_APER_100_THELI,MAGERR_APER_100,"Error on MAG_APER_100 (mag)","mag"
FLUX_APER_100_THELI,FLUX_APER_100,"r-band Flux within a circular aperture of 100 pixels (count)","count"
FLUXERR_APER_100_THELI,FLUXERR_APER_100,"Error on FLUX_APER_100 (count)","count"
ISO0_THELI,ISO0,"Isophotal area at level 0 (pixel^2)","pixel**2"
ISO1_THELI,ISO1,"Isophotal area at level 1 (pixel^2)","pixel**2"
ISO2_THELI,ISO2,"Isophotal area at level 2 (pixel^2)","pixel**2"
ISO3_THELI,ISO3,"Isophotal area at level 3 (pixel^2)","pixel**2"
ISO4_THELI,ISO4,"Isophotal area at level 4 (pixel^2)","pixel**2"
ISO5_THELI,ISO5,"Isophotal area at level 5 (pixel^2)","pixel**2"
ISO6_THELI,ISO6,"Isophotal area at level 6 (pixel^2)","pixel**2"
ISO7_THELI,ISO7,"Isophotal area at level 7 (pixel^2)","pixel**2"
RA,ALPHA_J2000,"SExtractor named Centroid sky position right ascension (J2000) (deg)","deg"
DEC,DELTA_J2000,"SEXtractor named Centroid sky position declination (J2000) (deg)","deg"
2DPHOT,SG2DPHOT,"2DPhot Star/Galaxy classifier (1 for high confidence star)",""
HTM_THELI,HTM,"Hierarchical Triangular Mesh (level 25)",""
